Name,Location,Contact,Industry
"Southern California Corporate, Industrial, Architectural, Editorial & Event Photography for Business - Ed Carreon Photography","Los Angeles, CA 90031",(213) 590-8004,N/A
inc Corporate Services,"Los Angeles, CA 90045",(323) 320-6210,N/A
Otex Corporate Filing Service,"Los Angeles, CA 90001",(424) 389-0552,N/A
Integrated Corporate Relations,"Los Angeles, CA 90025",(310) 571-3200,N/A
Standard & Poor's Corporate Value Consulting,"Los Angeles, CA 90071",(213) 270-2300,N/A
Corporate Coaching,"Los Angeles, CA 90045",(310) 342-8211,N/A
Total Corporate Solutions Inc,"Torrance, CA 90501",(310) 436-8600,N/A
Corporate Entertainment Originators,"Santa Monica, CA 90405",(310) 935-3684,N/A
CORPORATE CHOICE CONSULTING,"Bellflower, CA 90706",(562) 235-4527,N/A
Corporate Giving Connection,"Santa Monica, CA 90401",(202) 505-2779,N/A
Corporate Fusion,"Redondo Beach, CA 90277",(310) 418-9088,N/A
San Gabriel Valley Corporate Campus,"Baldwin Park, CA 91706",(626) 856-3400,N/A
Corporate Golf Tournaments Inc,"Signal Hill, CA 90755",(949) 735-2779,N/A
Conservation Corps-Long Beach Corporate,"Long Beach, CA 90814",(562) 986-1249,N/A
Rim Hospitality - Corporate Headquarters,"Newport Beach, CA 92660",(949) 783-2500,N/A
"Adams Corporate Law, Inc.","Villa Park, CA 92861",(714) 699-9602,N/A
Davis Corporate Consulting,"Bell Canyon, CA 91307",(818) 710-1136,N/A
Global Corporate Acquisitions Inc,"Orange, CA 92868",(714) 385-2853,N/A
Corporate Builder,"Newport Beach, CA 92660",(949) 679-1052,N/A
Work Group Corporate Consulting Inc,"Costa Mesa, CA 92626",(714) 371-4395,N/A
"Corporate Branding Specialists, Inc.","Orange, CA 92869",(888) 343-5434,N/A
Corporate Coaching International,"Pasadena, CA 91101",(626) 405-7310,N/A
Meridian Corporate Marketing Group,"Marina Del Rey, CA 90292",(310) 822-2313,N/A
Emergency Services Restoration - Corporate Headquarters,"Lawndale, CA 90260",(800) 540-5532,N/A
Cohen Brown Management Group Corporate Headquarters,"Torrance, CA 90501",(310) 966-1001,N/A
Corporate Management Inc,"Van Nuys, CA 91406",(818) 901-2624,N/A
K G's-Belmont Shr Corporate,"Costa Mesa, CA 92626",(714) 241-7397,N/A
Corporate Motivators,"Costa Mesa, CA 92626",(714) 850-1450,N/A
Choice Events Inc,"Burbank, CA 91505",(818) 334-5539,N/A
